Image;Puzzle
001;5423
002;5423
003;5423
004;5461
005;5461
006;5426
007;5426
009;5461
012;5461
013;5423
016;5423
017;5423
018;5423
019;5426
020;5426
021;5426
022;5426
023;5426
024;5469
025;5469
026;5469
027;5469
028;5469
029;5469
030;5469
031;5469
032;5469
033;5469
034;5469
035;5469
036;5469
037;5426
038;5426
039;5469
040;5469
041;5426
042;5426
043;5426
044;5426
045;5426
046;5469
047;5469
048;5469
049;5469
050;5469
052;5469
053;5469
055;5469
056;5469
057;5469
058;5461
059;5461
060;5461
061;5461
062;5461
063;5461
064;5426
065;5461
066;5461
067;5426
068;5426
069;5426
070;5426
071;5426
072;5426
073;5426
074;5469
075;5461
076;5469
077;5469
078;5426
079;5426
080;5426
081;5426